{
  "translation": {
    "common": {
      "Signin": "સાઇન ઇન કરો",
      "Signup": "સાઇન અપ કરો",
      "Search": "શોધો",
      "SearchSpeech": "ભાષણ શોધો",
      "Reset": "રીસેટ",
      "EmptyError": "આ ક્ષેત્ર જરૂરી છે",
      "Save&Exit": "સાચવો અને બહાર નીકળો",
      "Save&Next": "સાચવો અને આગળ",
      "SkipNow": "હમણાં માટે છોડી દો",
      "AddAddress": "+બીજું સરનામું ઉમેરો",
      "MobileErr": "કૃપા કરીને માન્ય મોબાઇલ નંબર દાખલ કરો",
      "EnterMobileNum": "મોબાઇલ નંબર દાખલ કરો",
      "Yes": "હા",
      "No": "ના",
      "Complete": "પૂર્ણ કરો",
      "SelectValidYear": "માન્ય વર્ષ પસંદ કરો",
      "SelectValidStd": "માન્ય વર્ગ પસંદ કરો",
      "Next": "આગળ",
      "Update": "અપડેટ",
      "PhotoGallery": "ફોટો ગેલેરી",
      "AppName": "ગુરુકુલ પરિવાર",
      "AppExitMsg": "શું તમે વાસ્તવમાં એપને બંધ કરવા માંગો છો?",
      "TodayEventMsg": "આજનો દિવસ રળીયામણો",
      "YouTubeLiveKatha": "યુટ્યુબ લાઈવ કથા"
    },
    "loginScreen": {
      "WelcomeTitle1": "આપનું સ્વાગત છે",
      "WelcomeTitle2": "ગુરુકુલ પરિવારમાં",
      "WelcomeSubtitle": "મોબાઈલ નંબર દાખલ કરો અને લોગિન કરો",
      "MobileNumber": "મોબાઈલ નંબર",
      "EnterMobileNum": "મોબાઇલ નંબર દાખલ કરો",
      "MobileEmptyErrMsg": "મોબાઈલ નંબર ખાલી હોઈ શકતો નથી",
      "MobileErrMsg1": "કૃપા કરીને માન્ય મોબાઇલ નંબર દાખલ કરો",
      "FooterText1": "આગળ વધીને તમે અમારી",
      "FooterText2": "અને સાથે સંમત થાઓ છો",
      "FT1": "સેવાની શરતો",
      "FT2": "ગોપનીયતા નીતિ",
      "SelectCountryLabel": "દેશનો કોડ પસંદ કરો",
      "SelectLangLabel": "ભાષા પસંદ કરો",
      "PleaseEnterEmailPass": "કૃપા કરીને તમારો ઈમેલ અને પાસવર્ડ દાખલ કરો",
      "EmailLBL": "ઈ-મેઈલ",
      "EnterYourEmailPlaceholder": "તમારુ ઇમેઇલ દાખલ કરો",
      "RegisterHeaderSubtitle": "કૃપા કરીને તમારો ઈમેલ દાખલ કરો",
      "PasswordLBL": "પાસવર્ડ",
      "EnterYourPassPlaceholder": "તમારો પાસવર્ડ નાખો",
      "RememberMe": "મને યાદ રાખજો",
      "DontHaveAc": "એકાઉન્ટ નથી?",
      "AlreadyHaveAc": "પહેલેથી જ એકાઉન્ટ છે?",
      "PassErr": "પાસવર્ડ આઠ અક્ષરોનો હોવો જોઈએ અને તેમાં એક અક્ષર, એક સંખ્યા અને વિશેષ અક્ષર હોવા જોઈએ"
    },
    "loginSuccess": {
      "LoginSuccess": "લૉગિન સફળ!",
      "ProfileSuccess": "પ્રોફાઇલ પૂર્ણ!",
      "ResetSuccess": "સફળતાપૂર્વક પાસવર્ડ રીસેટ થયો છે",
      "ResetSuccessSubtitle": "અભિનંદન! તમે સફળતાપૂર્વક તમારો પાસવર્ડ \n રીસેટ કર્યો છે. તમારું ખાતું હવે પહેલા કરતા વધુ \n સુરક્ષિત છે.",
      "SuccessSubtitle": "આધ્યાત્મિકતા અને શાંતિની દુનિયામાં આપનું સ્વાગત છે.",
      "SuccessSubtitle2": "હવે તમારી યાત્રા શરૂ કરો. 🌟",
      "ProfileSuccessSubtitle2": "હવે તમારી યાત્રા શરૂ કરો. 🌟",
      "LoginSuccessBTN": "ચાલો તમારી પ્રોફાઇલ પૂર્ણ કરીએ",
      "ProfileSuccessBTN": "ચાલો તમારી જર્ની શરૂ કરીએ",
      "ResetSuccessBTN": "લોગિન પર પાછા જાઓ"
    },
    "uploadPhoto": {
      "HederText": "તમારી રૂપરેખાને પૂર્ણ કરો",
      "FirstSubtitle": "ચાલો તમારો પ્રોફાઇલ ફોટો ઉમેરીએ",
      "SecondSubtitle": "કૃપા કરીને ગુરુકુળની મુલાકાત દરમિયાન માન્યતા અને સુધારેલી સેવા માટે તમારું પોતાનું ઔપચારિક ચિત્ર અપલોડ કરો.",
      "PickPhotoBTN": "+ તમારો ફોટો ઉમેરો",
      "BottomSubtitle1": "તમે નિયમિતપણે કઈ ગુરુકુળ શાખાની મુલાકાત લો છો?",
      "BottomSubtitle2": "કૃપા કરીને અમને નજીકની ગુરુકુળ શાખા જણાવો, જેથી અમે તમને વિવિધ સામાજિક પ્રસંગો અને ઉત્સવની માહિતી વિશે માહિતગાર કરી શકીએ.",
      "DropdownTitle": "ગુરુકુલ શાખા",
      "DropdownLable": "ગુરુકુલ શાખા પસંદ કરો",
      "NextBtn": "આગળ"
    },
    "otpScreen": {
      "OtpHeader": "ઓટીપી ચકાસણી",
      "OtpSubtext": "ઓટીપી કોડ માટે તમારું ઇમેઇલ ચેક કરો. યથાયોગ્ય ઓટીપી દાખલ કરવીથી તમારી ઓળખ ની પુષ્ટિ થશે.",
      "OtpContainerText": "તમારા ઈમેલ પર એક OTP મોકલવામાં આવ્યો છે",
      "OtpNotRecieve": "કોડ મેળવ્યો નથી?",
      "OtpResend": "ફરીથી મોકલો",
      "Verify&Login": "ચકાસો અને લૉગિન કરો",
      "SendOtp": "ઓટીપી મોકલો"
    },
    "personalInfo": {
      "personalInfoHeader": "વ્યક્તિગત માહિતી",
      "Gender": "જાતિ પસંદ કરો",
      "GenderOpt1": "પુરુષ",
      "GenderOpt2": "સ્ત્રી",
      "FullNameLable": "સંપૂર્ણ નામ",
      "FullNamePlaceholder": "તમારું સંપૂર્ણ નામ દાખલ કરો",
      "FatherNameLable": "પિતાનું આખું નામ",
      "FatherNamePlaceholder": "તમારા પિતાનું પૂરું નામ દાખલ કરો",
      "DOB": "જન્મની તારીખ",
      "BloodGroup": "બ્લડ ગ્રુપ",
      "BloodGroupDropDown": "તમારા બ્લડ ગ્રુપને પસંદ કરો",
      "ContactInformationLable": "સંપર્ક જાણકારી",
      "MobileNumber": "મોબાઇલ નંબર",
      "AddSecondaryNumber": "+ બીજો સંપર્ક ઉમેરો",
      "MobileFieldCheckbox": "હું આ નંબરનો વોટ્સએપ નંબર તરીકે ઉપયોગ કરું છું",
      "EmailAddress": "ઈ-મેઈલ સરનામું",
      "EnterYourEmailPlaceholder": "તમારુ ઇમેઇલ દાખલ કરો",
      "AddSecondaryEmail": "+ બીજો ઈમેઈલ ઉમેરો",
      "NameErr": "કૃપા કરીને માત્ર વર્ણમાળાનો ઉપયોગ કરીને માન્ય નામ દાખલ કરો.",
      "EmailErr": "કૃપા કરીને માન્ય ઇમેઇલ દાખલ કરો.",
      "DobErr": "કૃપા કરીને માન્ય તારીખ પસંદ કરો."
    },
    "addressInfo": {
      "AddressHeader": "સરનામાની માહિતી",
      "CountryLbl": "દેશ",
      "CountryPlaceHolder": "દેશ પસંદ કરો",
      "AddressLbl": "સરનામુ",
      "AddressPlaceholder": "તમારું સરનામું દાખલ કરો",
      "PincodeLbl": "પિનકોડ",
      "PincodePlaceholder": "તમારો પિનકોડ દાખલ કરો",
      "CityVillageLbl": "શહેર/ગામ",
      "CityVillagePlaceholder": "તમારા શહેર/ગામને દાખલ કરો",
      "TypeofaddressLbl": "સરનામાનાં પ્રકાર",
      "HomeField": "ઘર",
      "NativeField": "સ્થાનિક",
      "Work/BusinessField": "કામ/વ્યાપાર",
      "AddressCheckbox": "આ સરનામું મારું પસંદીદા સંદેશાવ્યવહાર સરનામું છે",
      "AddAnotherAddressBtn": "અન્ય સરનામાંને ઉમેરો"
    },
    "education/BusinessInfo": {
      "EduHeader": "શિક્ષણ/વ્યવસાયની માહિતી",
      "HighesteduLbl": "ઉચ્ચતમ શૈક્ષણિક સ્તર",
      "HighesteduPlaceHolder": "શિક્ષણનું સ્તર પસંદ કરો",
      "ChooseOccuLbl": "વ્યવસાય પસંદ કરો",
      "Occupation1": "હું એક કર્મચારી છું",
      "Occupation2": "હું બિઝનેસ ચલાવું છું",
      "OccupationType": "વ્યવસાય પ્રકાર",
      "OccuTypePlaceHolder": "વ્યવસાય પ્રકાર પસંદ કરો",
      "SKills": "કુશળતાઓ",
      "SKillsPlaceHolder": "તમારી કુશળતાઓ પસંદ કરો",
      "Other": "બીજાંઓ (ટિપ્પણી છોડો)",
      "OtherPlaceHolder": "તમારી ટિપ્પણીઓ અહીં મૂકો..."
    },
    "gurukulInfo": {
      "GurukulHeader": "ગુરુકુળ જોડાણ",
      "ExGurukulLbl": "શું તમે ભૂતપૂર્વ ગુરુકુળનો વિદ્યાર્થી છો?",
      "SelectGurukul": "કઈ ગુરુકુળ શાખા?",
      "AddGurukul": "+બીજું ગુરુકુળ ઉમેરો",
      "StayGurukul": "શું તમે ગુરુકુળની હોસ્ટેલમાં રહ્યા હતા કે પછી હમણાં જ ગુરુકુળની સ્કૂલમાં ભણ્યા હતા?",
      "StayGurukulOpt1": "હું ગુરુકુળ હોસ્ટેલમાં રહેતો હતો.",
      "StayGurukulOpt2": "હું હમણાં જ ગુરુકુળ સ્કૂલમાં ભણ્યો છું",
      "StayGurukulOpt3": "બંને",
      "StdFrom": "આમાંથી પ્રમાણભૂત",
      "StdTo": "પ્રમાણભૂત પ્રતિ",
      "Select": "પસંદ કરો",
      "SSCYear": "SSC વર્ષ",
      "HSCYear": "HSC વર્ષ",
      "KnowSaint": "શું તમે આ શાખામાંથી કોઈ સંતને વ્યક્તિગત રીતે જાણો છો?",
      "KnowHaribhakta": "આ શાખામાંથી તમે કોઈ હરિભક્તને ઓળખો છો ?",
      "KnowHaribhaktaPlaceholder": "હરિભક્તનું નામ દાખલ કરો",
      "RelativeOfSaint": "શું તમે કોઈ ગુરુકુળ સંતના સંબંધી છો?",
      "FromFamily": "શું તમારા કુટુંબમાંથી કોઈ ગુરુકુળ સંત/સંક્યયોગી બહેન આવ્યા છે?",
      "FromFamilyOpt1": "સંત",
      "FromFamilyOpt2": "સંક્યાયોગી બહેન",
      "NameSaintlbl": "સંતનું નામ",
      "NameSaint": "સંતનું નામ પસંદ કરો",
      "YourRelationLbl": "સંબંધ જણાવો?",
      "YourRelation": "સંબંધ પસંદ કરો"
    },
    "homeScreen": {
      "WelcomeText1": "નમસ્તે,",
      "Name": "મહેશભાઈ",
      "WelcomeText2": "જય સ્વામિનારાયણ",
      "DailyDarshan": "દૈનિક દર્શન",
      "DailyQuotes": "દૈનિક સુવાર્તાઓ",
      "DailyUpdate": "દૈનિક અપડેટ",
      "Calendar": "કેલેન્ડર",
      "DailyProgram": "દૈનિક કાર્યક્રમ",
      "DailySatsang": "દૈનિક સત્સંગ"
    },
    "frontDesk": {
      "Heading": "ફ્રંટ ડેસ્ક",
      "Form": "ગો ફોર્મ",
      "Connect": "ગુરુકુલ કનેક્ટ",
      "Darshan": "ગુરુકુલ દર્શન",
      "Event": "ગુરુકુલ ઈવેન્ટ્સ",
      "Quiz": "ડેઇલી ક્વિઝ",
      "Donation": "દાન"
    },
    "myProfile": {
      "Heading": "મારી પ્રોફાઇલ",
      "Name": "મહેશભાઈ દેસાઈ",
      "ID": "કુટુંબ આઈડી",
      "Edit": "પ્રોફાઇલ સંપાદિત કરો",
      "Family": "મારું કુટુંબ",
      "Language": "ભાષા બદલો",
      "Help": "મદદ જોવે છે",
      "Feedback": "પ્રતિસાદ",
      "Logout": "લૉગઆઉટ"
    },
    "DailyDarshan": {
      "Heading": "દૈનિક દર્શન",
      "All": "બધા",
      "Morning": "સવાર",
      "Evening": "સાંજ"
    },
    "DailyDarshanDetail": {
      "GhanshyamMaharaj": "ઘંષ્યામ મહારાજ",
      "Subtext": "આજનું દર્શન યાદ રાખવાનું અભ્યાસ કરો",
      "SuccessfulDownload": "ફોટો ડાઉનલોડ સફળ!"
    },
    "DailyQuote": {
      "Heading": "દૈનિક સુવિચાર"
    },
    "DailyUpdate": {
      "Heading": "દૈનિક અપડેટ"
    },
    "ChangeLanguage": {
      "Heading": "ભાષા બદલો"
    },
    "EditProfile": {
      "Heading": "પ્રોફાઇલ સંપાદિત કરો",
      "PersonalInfo": "વ્યક્તિગત માહિતી",
      "AddressInfo": "સરનામું માહિતી",
      "EduBussInfo": "શિક્ષણ / વ્યાપાર માહિતી",
      "GurukulConnect": "ગુરુકુલ કનેક્ટ"
    },
    "LogoutModel": {
      "Title": "જલદી આવજો!",
      "Content": "તમે તમારા એકાઉંટમાંથી સાઇન આઉટ થઈ જશો \n અને કોઈનાં સેવ કરેલા બદલાવો ગુમ થશે.",
      "CancelBtn": "રદ કરો",
      "LogoutBtn": "હા, મને લોગ આઉટ કરો"
    },
    "DeleteModel": {
      "Title": "ખાતા ડિલીટ કરવાની પુષ્ટિ કરો",
      "Content": "શું તમે તમારું એકાઉંટ ડિલીટ કરવા માંગો છો?\n આ ક્રિયા પાછી લાવી શકાતી નથી.",
      "DltBtn": "ખાતા ડિલીટ કરો"
    },
    "DailyQuiz": {
      "Heading": "દૈનિક ક્વિઝ",
      "NxtBtn": "આગામી",
      "SubmitBtn": "સબમિટ",
      "Result": "ક્વિઝ પરિણામ",
      "hasAttendTitle": "તમે આજની પરીક્ષા પૂર્ણ કરી છે!",
      "hasAttendContent": "નવા પડકારો અને તકો માટે આવતીકાલે પાછા આવો"
    },
    "ResultModel": {
      "Title": "અભિનંદન",
      "Content": "તમે ક્વિઝ પૂર્ણ કર્યું છે અને સૉલ્યુશનથી પરંતુ પરંતુ ઉચ્ચ શ્રેણીમાં. શાબાશ! આગળ વધતી રહો!",
      "BtnText": "મારી સ્થિતિ શોધો"
    },
    "Donation": {
      "Heading": "દાન",
      "Quote": "ભગવાન સ્વામિનારાયણના દિવ્ય જ્ઞાન અને નિર્ભયતાનું આશીર્વાદિત આ ગુરુકુલમાં, તમારું શિક્ષણ અને સંરક્ષણનું નિયમિત યોગદાન અને પરમેશ્વરના મહત્વના અમૂલ્ય મૂળ્યોનું આવિષ્કાર થઈને અનેક બાલકોથી વૃદ્ધોના જીવનમાં મૂળ્યોની સુગંધ ફેલાશે, આપના જીવનમાં આનંદ, શાંતિ અને સમૃદ્ધિ લઈને...",
      "Branch": "ગુરુકુલ શાખાને દાન આપો",
      "Amount": "રકમ",
      "OtherNote": "અન્ય નોંધ દાતારના દ્વારા",
      "Placeholder": "દાન દાખલ કરો",
      "Terms": "આગળ વધવા પર આપ અમારા દાન માટેની શરતો અને શરણામૃત સાથે સંમત થાઓ છો"
    },
    "Payment": {
      "Heading": "ચુકવણી પદ્ધતિ પસંદ કરો",
      "Proceed": "ચુકવણી કરો"
    },
    "NoData": {
      "Title": "ઓહ! કોઈ ડેટા મળ્યો નથી.",
      "Content": "લાગે છે કે અમારા ડેટા એલ્વ્સ વિરામ લેવું ચાલુ છે.\n અમે શીઘ્રજી કેટલીક માહિતી બનાવીશું.",
      "ErrorTitle": "ઓહ! લાગે છે કે એક ભૂલ થઈ છે",
      "ErrorContent": "અમારી ટીમે આ મુદ્દુકની નોંધ લી છે.\n કૃપા કરીને આપનું ઍપ ફરીથી ચલાવો "
    },
    "ForgotPassword": {
      "ForgotPassword": "પાસવર્ડ ભૂલી ગયા?",
      "ForgotPasswordSubTitle": "થોડા સરળ પગલાં સાથે તમારી ઍક્સેસનો ફરીથી દાવો કરો."
    },
    "ResetPassword": {
      "NewPassword": "નવો પાસવર્ડ સુયોજિત કરો",
      "NewPasswordSubTitle": "ઓછામાં ઓછા ૮ અક્ષરો હોવા જ જોઈએ",
      "PasswordLbl": "પાસવર્ડ",
      "PasswordLblPlaceholder": "તમારો પાસવર્ડ દાખલ કરો",
      "ConfirmPasswordLbl": "ખાતરી પાસવર્ડ",
      "ConfirmPasswordPlaceholder": "તમારો પાસવર્ડ ફરી દાખલ કરો",
      "ResetPasswordSubmitText": "પાસવર્ડને પુન:સુયોજિત કરો",
      "ResetPasswordSubmitText2": "પાસવર્ડ સેટ કરો",
      "PassNotSameErr": "પાસવર્ડ અને કન્ફર્મ પાસવર્ડની સમાન હોવા જોઈએ!"
    },
    "SuccessResetPassword": {
      "SuccessResetPasswordTitle": "પાસવર્ડ રીસેટ સફળ થયો છે.",
      "SuccessResetPasswordSubTitle": "અભિનંદન! તમે સફળતાપૂર્વક તમારો પાસવર્ડ રીસેટ કર્યો છે. તમારું ખાતું હવે પહેલા કરતા વધુ સુરક્ષિત છે."
    },
    "FieldRequiredError": {
      "Email": "મહેરબાની કરીને તમારું ઇમેઇલ એડ્રેસ દાખલ કરો",
      "Password": "મહેરબાની કરીને પાસવર્ડ દાખલ કરો",
      "ConfirmPassword": "મહેરબાની કરીને તમારો પાસવર્ડ ફરીથી દાખલ કરો",
      "GurukulBranch": "મહેરબાની કરીને ગુરુકુલ શાખ્યા પસંદ કરો",
      "Gender": "મહેરબાની કરીને તમારું જાતિ પસંદ કરો",
      "FullName": "મહેરબાની કરીને તમારું પૂરું નામ દાખલ કરો",
      "FatherName": "મહેરબાની કરીને તમારું પિતાનું નામ દાખલ કરો",
      "DOB": "મહેરબાની કરીને તમારી જન્મ તારીખ પસંદ કરો",
      "BloodGroup": "મહેરબાની કરીને તમારું રક્તગ્રૂપ પસંદ કરો",
      "MobileNumber": "મહેરબાની કરીને તમારું મોબાઇલ નંબર દાખલ કરો",
      "Country": "મહેરબાની કરીને તમારો દેશ પસંદ કરો",
      "Address": "મહેરબાની કરીને તમારું સરનામું દાખલ કરો",
      "Pincode": "મહેરબાની કરીને તમારો પિનકોડ દાખલ કરો",
      "City": "મહેરબાની કરીને તમારી શહેર અથવા ગામ દાખલ કરો",
      "TypeOfAddress": "મહેરબાની કરીને તમારો સરનામુંનો પ્રકાર પસંદ કરો",
      "EducationLevel": "મહેરબાની કરીને તમારું શિક્ષણ સ્તર પસંદ કરો",
      "Occupation": "મહેરબાની કરીને તમારું વ્યવસાય પસંદ કરો",
      "OccupationType": "મહેરબાની કરીને તમારો વ્યવસાય પ્રકાર પસંદ કરો",
      "Skills": "મહેરબાની કરીને તમારી કૌશલ્યો પસંદ કરો",
      "Standard": "મહેરબાની કરીને એક મિલકત પસંદ કરો",
      "SSCYear": "મહેરબાની કરીને તમારું SSC વર્ષ પસંદ કરો",
      "HSCYear": "મહેરબાની કરીને તમારું HSC વર્ષ પસંદ કરો",
      "SelectSaint": "મહેરબાની કરીને સેંટનું નામ પસંદ કરો",
      "Haribhakta": "મહેરબાની કરીને હરિભક્તનું નામ પસંદ કરો",
      "Relation": "મહેરબાની કરીને સેંટ સાથી સાથે તમારું સંબંધ પસંદ કરો",
      "RadioOption": "મહેરબાની કરીને ઉપરનાંથી એક વિકલ્પ પસંદ કરો"
    }
  }
}
