{
  "translation": {
    "common": {
      "Signin": "दाखिल करें",
      "Signup": "साइन अप करें",
      "Search": "खोजे",
      "SearchSpeech": "भाषण खोजे",
      "Reset": "रीसेट",
      "EmptyError": "यह फ़ील्ड आवश्यक है",
      "Save&Exit": "सेव और बाहर",
      "Save&Next": "सेव और आगे",
      "SkipNow": "अभी के लिए छोड़ दे",
      "AddAddress": "+ दूसरा पता जोड़ें",
      "MobileErr": "कृपया मान्य मोबाइल नंबर दर्ज करें",
      "EnterMobileNum": "मोबाइल नंबर खाली नहीं हो सकता",
      "Yes": "हाँ",
      "No": "ना",
      "Complete": "पूरा करें",
      "SelectValidYear": "मान्य वर्ष चुनें",
      "SelectValidStd": "मान्य वर्ग का चयन करें",
      "Next": "आगे",
      "Update": "अपडेट",
      "PhotoGallery": "फोटो गैलरी",
      "AppName": "गुरुकुल परिवार",
      "AppExitMsg": "क्या आप वाकई ऐप से बाहर निकलना चाहते हैं?",
      "TodayEventMsg": "आज की इवेंट",
      "YouTubeLiveKatha": "यूट्यूब लाइव कथा"
    },
    "loginScreen": {
      "WelcomeTitle1": "आपका स्वागत है",
      "WelcomeTitle2": "गुरुकुल परिवार में",
      "WelcomeSubtitle": "मोबाइल नंबर दर्ज करें और लॉगिन करें",
      "MobileNumber": "मोबाइल नंबर",
      "EnterMobileNum": "मोबाइल नंबर दर्ज करें",
      "MobileEmptyErrMsg": "मोबाइल नंबर खाली नहीं हो सकता",
      "MobileErrMsg1": "कृपया मान्य मोबाइल नंबर दर्ज करें",
      "FooterText1": "आगे बढ़ते हुए आप हमारी",
      "FooterText2": "और से सहमत हैं",
      "FT1": "सेवा की शर्तों",
      "FT2": "गोपनीयता नीति",
      "SelectCountryLabel": "देश कोड चुनें",
      "SelectLangLabel": "भाषा चुने",
      "PleaseEnterEmailPass": "कृपया अपना ईमेल और पासवर्ड दर्ज करें",
      "EmailLBL": "ईमेल",
      "EnterYourEmailPlaceholder": "अपना ईमेल दर्ज करें",
      "RegisterHeaderSubtitle": "कृपया अपना ईमेल दर्ज करें",
      "PasswordLBL": "पासवर्ड",
      "EnterYourPassPlaceholder": "अपना पासवर्ड भरें",
      "RememberMe": "मुझे याद रखो",
      "DontHaveAc": "कोई अकाउंट नहीं है?",
      "AlreadyHaveAc": "क्या आपके पास पहले से एक अकाउंट मौजूद है?",
      "PassErr": "पासवर्ड आठ अक्षरों का होना चाहिए और इसमें एक अक्षर, एक नंबर और विशेष अक्षर होना चाहिए"
    },
    "loginSuccess": {
      "LoginSuccess": "लॉग इन सफल!",
      "ProfileSuccess": "प्रोफ़ाइल पूर्ण!",
      "ResetSuccess": "पासवर्ड सफलतापूर्वक रीसेट हो गया",
      "ResetSuccessSubtitle": "बधाई हो! आपने अपना पासवर्ड सफलतापूर्वक रीसेट \n कर लिया है। आपका खाता अब पहले से \n कहीं अधिक सुरक्षित है।.",
      "SuccessSubtitle": "आध्यात्मिकता और शांति की दुनिया में आपका स्वागत है।",
      "SuccessSubtitle2": "अभी अपनी यात्रा शुरू करें। 🌟",
      "ProfileSuccessSubtitle2": "अभी अपनी यात्रा शुरू करें. 🌟",
      "LoginSuccessBTN": "आइए आपकी प्रोफ़ाइल पूरी करें।",
      "ProfileSuccessBTN": "आइए अपनी यात्रा शुरू करें",
      "ResetSuccessBTN": "लॉगिन पर वापस जाएं"
    },
    "uploadPhoto": {
      "HederText": "अपनी प्रोफ़ाइल पूरी करें",
      "FirstSubtitle": "चलो अपनी प्रोफ़ाइल फोटो जोड़ें",
      "SecondSubtitle": "गुरुकुल की यात्रा के दौरान मान्यता और बेहतर सेवा के लिए अपनी औपचारिक तस्वीर अपलोड करें।",
      "PickPhotoBTN": "+ प्रोफ़ाइल फ़ोटो जोड़ें",
      "BottomSubtitle1": "आप किस गुरुकुल शाखा में नियमित रूप से जाते हैं?",
      "BottomSubtitle2": "कृपया हमें निकटतम गुरुकुल शाखा बताएं ताकि हम आपको विभिन्न सामाजिक कार्यक्रमों और उत्सव की जानकारी के बारे में अपडेट रख सकें।",
      "DropdownTitle": "गुरुकुल शाखा",
      "DropdownLable": "गुरुकुल शाखा का चयन करें",
      "NextBtn": "आगे"
    },
    "otpScreen": {
      "OtpHeader": "ओटीपी सत्यापन",
      "OtpSubtext": "ओटीपी कोड के लिए अपने मेल की जाँच करें। सही ओटीपी डालने से आपकी पहचान पुष्टि होगी।",
      "OtpContainerText": "आपके ईमेल पर एक OTP भेजा गया है",
      "OtpNotRecieve": "कोड प्राप्त नहीं हुआ?",
      "OtpResend": "फिर से भेजें",
      "Verify&Login": "सत्यापित करें और लॉगिन करें",
      "SendOtp": "ओटीपी भेजें"
    },
    "personalInfo": {
      "personalInfoHeader": "व्यक्तिगत जानकारी",
      "Gender": "लिंग चुनें",
      "GenderOpt1": "पुरुष",
      "GenderOpt2": "स्त्री",
      "FullNameLable": "पूरा नाम",
      "FullNamePlaceholder": "अपना पूरा नाम दर्ज करें",
      "FatherNameLable": "पिता का पूरा नाम",
      "FatherNamePlaceholder": "अपने पिता का पूरा नाम दर्ज करें",
      "DOB": "जन्म तारीख",
      "BloodGroup": "रुधिर-वर्ग",
      "BloodGroupDropDown": "अपने रक्त समूह का चयन करें",
      "ContactInformationLable": "संपर्क जानकारी",
      "MobileNumber": "मोबाइल नंबर",
      "AddSecondaryNumber": "+ दूसरा फ़ोन नंबर जोड़ें",
      "MobileFieldCheckbox": "मैं इस नंबर का उपयोग व्हाट्सएप नंबर के रूप में करता हूं।",
      "EmailAddress": "ईमेल",
      "EnterYourEmailPlaceholder": "अपना ईमेल दर्ज करें",
      "AddSecondaryEmail": "+ दूसरा ईमेल जोड़ें",
      "NameErr": "कृपया केवल वर्णमाला का उपयोग करके एक वैध नाम दर्ज करें।",
      "EmailErr": "कृपया एक वैध ईमेल दर्ज करें।",
      "DobErr": "कृपया एक वैध तिथि का चयन करें।"
    },
    "addressInfo": {
      "AddressHeader": "पते की जानकारी",
      "CountryLbl": "देश",
      "CountryPlaceHolder": "देश का चयन करें",
      "AddressLbl": "पता",
      "AddressPlaceholder": "अपना पता दर्ज करें",
      "PincodeLbl": "पिनकोड",
      "PincodePlaceholder": "अपना पिनकोड दर्ज करें",
      "CityVillageLbl": "शहर/गांव",
      "CityVillagePlaceholder": "अपना शहर / गांव दर्ज करें",
      "TypeofaddressLbl": "पते का प्रकार",
      "HomeField": "घर",
      "NativeField": "मूल",
      "Work/BusinessField": "काम/व्यापार",
      "AddressCheckbox": "यह पता मेरा पसंदीदा संचार पता है।",
      "AddAnotherAddressBtn": "+ एक और पता जोड़ें"
    },
    "education/BusinessInfo": {
      "EduHeader": "शिक्षा/व्यावसायिक जानकारी",
      "HighesteduLbl": "उच्चतम शैक्षिक स्तर",
      "HighesteduPlaceHolder": "शिक्षा स्तर का चयन करें",
      "ChooseOccuLbl": "व्यवसाय चुनें",
      "Occupation1": "मैं एक कर्मचारी हूँ",
      "Occupation2": "मैं एक व्यवसाय चलाता हूँ",
      "OccupationType": "व्यवसाय का प्रकार",
      "OccuTypePlaceHolder": "व्यवसाय प्रकार का चयन करें",
      "SKills": "कौशल",
      "SKillsPlaceHolder": "अपने कौशल का चयन करें",
      "Other": "अन्य (टिप्पणी छोड़ दो)",
      "OtherPlaceHolder": "अपनी टिप्पणी यहाँ छोड़ दो ..."
    },
    "gurukulInfo": {
      "GurukulHeader": "गुरुकुल कनेक्ट",
      "ExGurukulLbl": "क्या आप गुरुकुल के पूर्व छात्र हैं?",
      "SelectGurukul": "कौन सी गुरुकुल शाखा?",
      "AddGurukul": "+ एक और गुरुकुल जोड़ें",
      "StayGurukul": "क्या आप गुरुकुल हॉस्टल में रहते थे या सिर्फ गुरुकुल स्कूल में पढ़ते थे?",
      "StayGurukulOpt1": "मैं गुरुकुल हॉस्टल में रहता था।",
      "StayGurukulOpt2": "मैंने अभी गुरुकुल स्कूल में पढ़ाई की है।",
      "StayGurukulOpt3": "दोनों",
      "StdFrom": "से मानक",
      "StdTo": "मानक के लिए",
      "Select": "चुनना",
      "SSCYear": "एसएससी वर्ष",
      "HSCYear": "एचएससी वर्ष",
      "KnowSaint": "क्या आप इस शाखा के किसी संत को व्यक्तिगत रूप से जानते हैं?",
      "KnowHaribhakta": "क्या आप इस शाखा के किसी हरिभक्त को जानते हैं?",
      "KnowHaribhaktaPlaceholder": "हरिभक्त नाम दर्ज करें",
      "RelativeOfSaint": "क्या आप किसी गुरुकुल संत के रिश्तेदार हैं?",
      "FromFamily": "क्या आपके परिवार से कोई गुरुकुल संत/सांक्यायोगी बहन आते है?",
      "FromFamilyOpt1": "संत",
      "FromFamilyOpt2": "सांक्यायोगी बहन",
      "NameSaintlbl": "संत का नाम",
      "NameSaint": "संत का चयन करें",
      "YourRelationLbl": "आपका संबंध क्या है?",
      "YourRelation": "संबंध का चयन करें"
    },

    "homeScreen": {
      "WelcomeText1": "नमस्ते,",
      "Name": "महेशभाई",
      "WelcomeText2": "जय स्वामिनारायण",
      "DailyDarshan": "रोज़ाना दर्शन",
      "DailyQuotes": "रोज़ाना उद्धरण",
      "DailyUpdate": "रोज़ाना अपडेट",
      "Calendar": "कैलेंडर",
      "DailyProgram": "दैनिक कार्यक्रम",
      "DailySatsang": "रोज़ाना सत्संग"
    },
    "frontDesk": {
      "Heading": "फ्रंट डेस्क",
      "Form": "गो फॉर्म",
      "Connect": "गुरुकुल कनेक्ट",
      "Darshan": "गुरुकुल दर्शन",
      "Event": "गुरुकुल इवेंट्स",
      "Quiz": "डेली क्विज़",
      "Donation": "दान"
    },
    "myProfile": {
      "Heading": "मेरी प्रोफाइल",
      "Name": "महेशभाई देसाई",
      "ID": "फैमिली आईडी",
      "Edit": "प्रोफाइल संपादित करें",
      "Family": "मेरा परिवार",
      "Language": "भाषा बदलें",
      "Help": "मदद चाहिए",
      "Feedback": "प्रतिक्रिया",
      "Logout": "लॉगआउट"
    },
    "DailyDarshan": {
      "Heading": "दैनिक दर्शन",
      "All": "सभी",
      "Morning": "सुबह",
      "Evening": "शाम"
    },
    "DailyDarshanDetail": {
      "GhanshyamMaharaj": "घनश्याम महाराज",
      "Subtext": "आज के दर्शन को याद करने का अभ्यास करें",
      "SuccessfulDownload": "फोटो डाउनलोड सफल!"
    },
    "DailyQuote": {
      "Heading": "दैनिक उद्धरण"
    },
    "DailyUpdate": {
      "Heading": "दैनिक अपडेट"
    },
    "ChangeLanguage": {
      "Heading": "भाषा बदलें"
    },
    "EditProfile": {
      "Heading": "प्रोफ़ाइल संपादित करें",
      "PersonalInfo": "व्यक्तिगत जानकारी",
      "AddressInfo": "पता जानकारी",
      "EduBussInfo": "शिक्षा / व्यवसाय जानकारी",
      "GurukulConnect": "गुरुकुल कनेक्ट"
    },
    "LogoutModel": {
      "Title": "जल्दी वापस आइए!",
      "Content": "आपका खाता साइन आउट हो जाएगा \n और कोई भी असहेज बदलाव खो जाएगा।",
      "CancelBtn": "रद्द करें",
      "LogoutBtn": "हां, मुझे लॉग आउट करें"
    },
    "DeleteModel": {
      "Title": "खाता हटाने की पुष्टि करें",
      "Content": "क्या आप वाकई अपना खाता हटाना चाहते हैं?\n यह क्रिया पूर्ववत नहीं की जा सकती है।",
      "DltBtn": "खाता हटाएं"
    },
    "DailyQuiz": {
      "Heading": "दैनिक क्विज़",
      "NxtBtn": "आगामी",
      "SubmitBtn": "सबमिट",
      "Result": "क्विज़ परिणाम",
      "hasAttendTitle": "आपने आज की परीक्षा पूरी कर ली है!",
      "hasAttendContent": "नई चुनौतियों और अवसरों के लिए कल वापस आएँ"
    },
    "ResultModel": {
      "Title": "बधाई हो",
      "Content": "आपने क्विज़ को उच्च रंग में पूरा किया है।\n शाबाश! ऐसे ही जारी रखें!",
      "BtnText": "मेरी स्थिति खोजें"
    },
    "Donation": {
      "Heading": "दान",
      "Quote": "इस भगवान स्वामिनारायण द्वारा प्रदान किए गए दिव्य ज्ञान और निर्भीकता के इस गुरुकुल में, आपके शिक्षा और सुरक्षा के निरंतर योगदान से अनगिनत बच्चों से बुजुर्ग तक के जीवन में मूल्यों की महक फैलेगी, जो आपके जीवन में खुशी, शांति और समृद्धि भी लाएगा...",
      "Branch": "गुरुकुल शाखा को दान करें",
      "Amount": "राशि",
      "OtherNote": "अन्य नोट दानकर्ता द्वारा",
      "Placeholder": "दान दर्ज करें",
      "Terms": "आगे बढ़ने पर आप हमारे दान के नियम और शर्तों से सहमत होते हैं"
    },
    "Payment": {
      "Heading": "भुगतान की विधि चुनें",
      "Proceed": "भुगतान जारी करें"
    },
    "NoData": {
      "Title": "कोई डेटा नहीं मिला",
      "Content": "ऐसा लगता है कि हमारे डेटा सहायक व्यक्ति आराम कर रहे हैं। \n हम जल्द ही कुछ जानकारी तैयार करेंगे।",
      "ErrorTitle": "ऐसा लगता है कि एक त्रुटि हुई है",
      "ErrorContent": "हमारी टीम ने इस समस्या का नोट लिया है। \n कृपया अपना ऐप फिर से चलाने के लिए पुनः आरंभ करें।"
    },
    "ForgotPassword": {
      "ForgotPassword": "पासवर्ड भूल गए?",
      "ForgotPasswordSubTitle": "कुछ सरल चरणों के साथ अपनी पहुंच पुनः प्राप्त करें।"
    },
    "ResetPassword": {
      "NewPassword": "एक नया पासवर्ड सेट करें",
      "NewPasswordSubTitle": "कम से कम 8 वर्ण होने चाहिए",
      "PasswordLbl": "पासवर्ड",
      "PasswordLblPlaceholder": "अपना पासवर्ड दर्ज करें",
      "ConfirmPasswordLbl": "पासवर्ड की पुष्टि करें",
      "ConfirmPasswordPlaceholder": "अपना पासवर्ड पुन: दर्ज करें",
      "ResetPasswordSubmitText": "पासवर्ड रीसेट करें",
      "ResetPasswordSubmitText2": "पासवर्ड सेट करें",
      "PassNotSameErr": "पासवर्ड और कन्फर्म पासवर्ड एक होनी चाहिए!"
    },
    "SuccessResetPassword": {
      "SuccessResetPasswordTitle": "पासवर्ड सफलतापूर्वक रीसेट हो गया",
      "SuccessResetPasswordSubTitle": "बधाइयाँ! आपने अपना पासवर्ड सफलतापूर्वक रीसेट कर लिया है. आपका खाता अब पहले से कहीं अधिक सुरक्षित है।"
    },
    "FieldRequiredError": {
      "Email": "कृपया अपना ईमेल पता दर्ज करें",
      "Password": "कृपया पासवर्ड दर्ज करें",
      "ConfirmPassword": "कृपया अपना पासवर्ड फिर से दर्ज करें",
      "GurukulBranch": "कृपया गुरुकुल शाखा का चयन करें",
      "Gender": "कृपया अपना लिंग चुनें",
      "FullName": "कृपया अपना पूरा नाम दर्ज करें",
      "FatherName": "कृपया अपने पिता का नाम दर्ज करें",
      "DOB": "कृपया अपनी जन्म तिथि चुनें",
      "BloodGroup": "कृपया अपना रक्त समूह चुनें",
      "MobileNumber": "कृपया अपना मोबाइल नंबर दर्ज करें",
      "Country": "कृपया अपना देश चुनें",
      "Address": "कृपया अपना पता दर्ज करें",
      "Pincode": "कृपया अपना पिन कोड दर्ज करें",
      "City": "कृपया अपने शहर या गांव का नाम दर्ज करें",
      "TypeOfAddress": "कृपया अपने पते के प्रकार का चयन करें",
      "EducationLevel": "कृपया अपना शिक्षा स्तर चुनें",
      "Occupation": "कृपया अपना व्यवसाय चुनें",
      "OccupationType": "कृपया अपने व्यवसाय के प्रकार का चयन करें",
      "Skills": "कृपया अपने कौशल चुनें",
      "Standard": "कृपया एक मानक चुनें",
      "SSCYear": "कृपया अपना SSC वर्ष चुनें",
      "HSCYear": "कृपया अपना HSC वर्ष चुनें",
      "SelectSaint": "कृपया संत का नाम चुनें",
      "Haribhakta": "कृपया हरिभक्त का नाम चुनें",
      "Relation": "कृपया संत के साथ अपना संबंध चुनें",
      "RadioOption": "कृपया ऊपर से किसी एक विकल्प का चयन करें"
    }
  }
}
